/nfs/iil/proj/mpg/ghaber1_wa/workdir/bzip/bzip2, 0x400000, fallbackSort, 0x409c33, 2547275, 1
/nfs/iil/proj/mpg/ghaber1_wa/workdir/bzip/bzip2, 0x400000, sendMTFValues, 0x40ceee, 1479734, 1
/nfs/iil/proj/mpg/ghaber1_wa/workdir/bzip/bzip2, 0x400000, fallbackQSort3, 0x4095ec, 1288846, 1383
/nfs/iil/proj/mpg/ghaber1_wa/workdir/bzip/bzip2, 0x400000, BZ2_hbMakeCodeLengths, 0x417d54, 960949, 20
/nfs/iil/proj/mpg/ghaber1_wa/workdir/bzip/bzip2, 0x400000, fallbackSimpleSort, 0x4093f0, 424864, 1847
/nfs/iil/proj/mpg/ghaber1_wa/workdir/bzip/bzip2, 0x400000, copy_input_until_stop, 0x40565c, 384560, 3
/nfs/iil/proj/mpg/ghaber1_wa/workdir/bzip/bzip2, 0x400000, generateMTFValues, 0x40cb2c, 266623, 1
/nfs/iil/proj/mpg/ghaber1_wa/workdir/bzip/bzip2, 0x400000, bsW, 0x40c94c, 130586, 2648
/lib64/ld-linux-x86-64.so.2, 0x7ffff7ddd000, do_lookup_x, 0x7ffff7de6320, 76994, 155
/nfs/iil/proj/mpg/ghaber1_wa/workdir/bzip/bzip2, 0x400000, add_pair_to_block, 0x405388, 67179, 376
/lib64/libc.so.6, 0x7fffe3cb3000, _dl_addr, 0x7fffe3dcbdb0, 59267, 1
/nfs/iil/proj/mpg/ghaber1_wa/workdir/bzip/bzip2, 0x400000, copy_output_until_stop, 0x4059f2, 53381, 1
/nfs/iil/proj/mpg/ghaber1_wa/workdir/bzip/bzip2, 0x400000, BZ2_hbAssignCodes, 0x418294, 33896, 5
/lib64/ld-linux-x86-64.so.2, 0x7ffff7ddd000, strcmp, 0x7ffff7df36f0, 32607, 4581
/lib64/ld-linux-x86-64.so.2, 0x7ffff7ddd000, _dl_lookup_symbol_x, 0x7ffff7de6bd0, 32445, 155
/lib64/ld-linux-x86-64.so.2, 0x7ffff7ddd000, _dl_relocate_object, 0x7ffff7de80f0, 28609, 6
/lib64/ld-linux-x86-64.so.2, 0x7ffff7ddd000, check_match.12114, 0x7ffff7de6160, 17404, 542
/nfs/iil/proj/mpg/ghaber1_wa/workdir/bzip/bzip2, 0x400000, BZ2_blockSort, 0x40c679, 14959, 1
/lib64/libc.so.6, 0x7fffe3cb3000, getenv, 0x7fffe3ce7b70, 8498, 14
/lib64/ld-linux-x86-64.so.2, 0x7ffff7ddd000, _dl_name_match_p, 0x7ffff7debc00, 8245, 315
/lib64/ld-linux-x86-64.so.2, 0x7ffff7ddd000, __strsep, 0x7ffff7df1e50, 4030, 10
/lib64/ld-linux-x86-64.so.2, 0x7ffff7ddd000, _dl_fixup, 0x7ffff7deac00, 4026, 46
/lib64/ld-linux-x86-64.so.2, 0x7ffff7ddd000, _dl_check_map_versions, 0x7ffff7dec960, 3944, 7
/lib64/ld-linux-x86-64.so.2, 0x7ffff7ddd000, _dl_map_object_from_fd, 0x7ffff7de30f0, 3785, 4
/nfs/iil/proj/mpg/ghaber1_wa/workdir/bzip/bzip2, 0x400000, makeMaps_e, 0x40cac2, 3239, 1
/lib64/ld-linux-x86-64.so.2, 0x7ffff7ddd000, _dl_cache_libcmp, 0x7ffff7de5920, 2869, 170
/lib64/ld-linux-x86-64.so.2, 0x7ffff7ddd000, _dl_map_object_deps, 0x7ffff7de92c0, 2786, 1
/lib64/ld-linux-x86-64.so.2, 0x7ffff7ddd000, open_path, 0x7ffff7de2c90, 2665, 8
/lib64/ld-linux-x86-64.so.2, 0x7ffff7ddd000, __mempcpy, 0x7ffff7df4150, 2414, 89
/lib64/libc.so.6, 0x7fffe3cb3000, _int_malloc, 0x7fffe3d2e900, 2261, 15
/lib64/ld-linux-x86-64.so.2, 0x7ffff7ddd000, _dl_map_object, 0x7ffff7de4bd0, 2099, 12
/lib64/ld-linux-x86-64.so.2, 0x7ffff7ddd000, match_symbol, 0x7ffff7dec540, 1998, 25
/lib64/ld-linux-x86-64.so.2, 0x7ffff7ddd000, __GI_strlen, 0x7ffff7df3800, 1904, 31
/nfs/iil/proj/mpg/ghaber1_wa/workdir/bzip/bzip2, 0x400000, prepare_new_block, 0x404f65, 1814, 1
/nfs/iil/proj/mpg/ghaber1_wa/workdir/bzip/bzip2, 0x400000, main, 0x4040af, 1747, 1
/lib64/libc.so.6, 0x7fffe3cb3000, __strcmp_sse42, 0x7fffe3dcd250, 1714, 67
/lib64/ld-linux-x86-64.so.2, 0x7ffff7ddd000, open_verify, 0x7ffff7de2800, 1708, 32
/lib64/ld-linux-x86-64.so.2, 0x7ffff7ddd000, dl_main, 0x7ffff7ddf5a0, 1307, 1
/lib64/ld-linux-x86-64.so.2, 0x7ffff7ddd000, __libc_memalign, 0x7ffff7df2280, 1206, 43
/lib64/ld-linux-x86-64.so.2, 0x7ffff7ddd000, memset, 0x7ffff7df3c00, 1188, 6
/lib64/libc.so.6, 0x7fffe3cb3000, __strspn_sse42, 0x7fffe3dd08d0, 1162, 0
/lib64/ld-linux-x86-64.so.2, 0x7ffff7ddd000, decompose_rpath, 0x7ffff7de4830, 1070, 2
/lib64/ld-linux-x86-64.so.2, 0x7ffff7ddd000, _dl_init_paths, 0x7ffff7de5490, 1056, 1
/lib64/ld-linux-x86-64.so.2, 0x7ffff7ddd000, _dl_new_object, 0x7ffff7de7ad0, 1022, 6
/lib64/ld-linux-x86-64.so.2, 0x7ffff7ddd000, _dl_runtime_resolve, 0x7ffff7df0d20, 966, 46
/lib64/ld-linux-x86-64.so.2, 0x7ffff7ddd000, memcpy, 0x7ffff7df4380, 958, 28
/lib64/ld-linux-x86-64.so.2, 0x7ffff7ddd000, _dl_load_cache_lookup, 0x7ffff7de5a50, 909, 3
/lib64/ld-linux-x86-64.so.2, 0x7ffff7ddd000, fillin_rpath, 0x7ffff7de2070, 858, 3
/lib64/libc.so.6, 0x7fffe3cb3000, _int_free, 0x7fffe3d2d580, 790, 12
/lib64/ld-linux-x86-64.so.2, 0x7ffff7ddd000, _dl_start, 0x7ffff7dde120, 767, 1
/lib64/ld-linux-x86-64.so.2, 0x7ffff7ddd000, _dl_sort_fini, 0x7ffff7deb440, 738, 1
/lib64/ld-linux-x86-64.so.2, 0x7ffff7ddd000, strchr, 0x7ffff7df3670, 736, 19
/lib64/libc.so.6, 0x7fffe3cb3000, __libc_malloc, 0x7fffe3d31210, 723, 16
/lib64/libc.so.6, 0x7fffe3cb3000, bsearch, 0x7fffe3ce6f70, 698, 7
/lib64/libc.so.6, 0x7fffe3cb3000, ptmalloc_init, 0x7fffe3d2c960, 674, 1
/lib64/libc.so.6, 0x7fffe3cb3000, malloc_consolidate, 0x7fffe3d2c320, 664, 1
/lib64/libc.so.6, 0x7fffe3cb3000, memcpy, 0x7fffe3d3a2d0, 649, 1
/lib64/ld-linux-x86-64.so.2, 0x7ffff7ddd000, _dl_next_ld_env_entry, 0x7ffff7df1d30, 617, 2
/lib64/libc.so.6, 0x7fffe3cb3000, __GI___libc_sigaction, 0x7fffe3ce5920, 555, 5
/lib64/libc.so.6, 0x7fffe3cb3000, _IO_ferror, 0x7fffe3d24640, 546, 13
/lib64/ld-linux-x86-64.so.2, 0x7ffff7ddd000, _dl_sysdep_start, 0x7ffff7df1a80, 545, 1
/lib64/libc.so.6, 0x7fffe3cb3000, intel_check_word, 0x7fffe3d43190, 484, 12
/lib64/libc.so.6, 0x7fffe3cb3000, _IO_un_link, 0x7fffe3d292f0, 468, 12
/lib64/ld-linux-x86-64.so.2, 0x7ffff7ddd000, _dl_catch_error, 0x7ffff7deae90, 432, 12
/lib64/ld-linux-x86-64.so.2, 0x7ffff7ddd000, _dl_fini, 0x7ffff7deb6f0, 424, 1
/lib64/libc.so.6, 0x7fffe3cb3000, __libc_free, 0x7fffe3d31130, 419, 15
/lib64/libc.so.6, 0x7fffe3cb3000, popcount_cpucount, 0x7fffe3d85950, 402, 1
/lib64/libc.so.6, 0x7fffe3cb3000, _IO_link_in, 0x7fffe3d29560, 401, 7
/lib64/libc.so.6, 0x7fffe3cb3000, __libc_pthread_init, 0x7fffe3da1ab0, 393, 1
/lib64/libc.so.6, 0x7fffe3cb3000, __strlen_sse42, 0x7fffe3dce0f0, 348, 18
/lib64/libc.so.6, 0x7fffe3cb3000, __strstr_sse42, 0x7fffe3dcf600, 348, 6
/lib64/ld-linux-x86-64.so.2, 0x7ffff7ddd000, _dl_important_hwcaps, 0x7ffff7df11b0, 346, 1
/lib64/ld-linux-x86-64.so.2, 0x7ffff7ddd000, open, 0x7ffff7df2fe0, 333, 33
/lib64/ld-linux-x86-64.so.2, 0x7ffff7ddd000, _dl_allocate_tls_storage, 0x7ffff7dee490, 320, 1
/lib64/ld-linux-x86-64.so.2, 0x7ffff7ddd000, call_init, 0x7ffff7deb1c0, 298, 7
/lib64/libc.so.6, 0x7fffe3cb3000, _IO_fclose, 0x7fffe3d1bcf0, 296, 4
/lib64/ld-linux-x86-64.so.2, 0x7ffff7ddd000, __xstat64, 0x7ffff7df2f40, 296, 19
/lib64/libc.so.6, 0x7fffe3cb3000, __GI_strlen, 0x7fffe3d36730, 290, 14
/lib64/libc.so.6, 0x7fffe3cb3000, intel_02_known_compare, 0x7fffe3d42fa0, 290, 38
/lib64/libc.so.6, 0x7fffe3cb3000, ssignal, 0x7fffe3ce5770, 250, 5
/lib64/libc.so.6, 0x7fffe3cb3000, mempcpy, 0x7fffe3d39b10, 241, 2
/lib64/ld-linux-x86-64.so.2, 0x7ffff7ddd000, __GI___sigsetjmp, 0x7ffff7df33b0, 228, 12
/lib64/libc.so.6, 0x7fffe3cb3000, _IO_flush_all_lockp, 0x7fffe3d29d00, 225, 1
/nfs/iil/proj/mpg/ghaber1_wa/workdir/bzip/bzip2, 0x400000, compress, 0x402b73, 223, 1
/lib64/libc.so.6, 0x7fffe3cb3000, handle_intel, 0x7fffe3d43460, 214, 3
/nfs/iil/proj/mpg/ghaber1_wa/workdir/bzip/bzip2, 0x400000, bsPutUChar, 0x40ca9a, 208, 16
/lib64/ld-linux-x86-64.so.2, 0x7ffff7ddd000, openaux, 0x7ffff7dea480, 204, 12
/lib64/libc.so.6, 0x7fffe3cb3000, _IO_file_fopen, 0x7fffe3d28b10, 201, 3
/lib64/libc.so.6, 0x7fffe3cb3000, _IO_file_close_it, 0x7fffe3d29080, 185, 4
/lib64/libpthread.so.0, 0x7fffe4074000, __pthread_initialize_minimal, 0x7fffe4079520, 178, 1
/lib64/libc.so.6, 0x7fffe3cb3000, _IO_no_init, 0x7fffe3d29af0, 176, 4
/nfs/iil/proj/mpg/ghaber1_wa/workdir/bzip/bzip2, 0x400000, handle_compress, 0x405ac7, 171, 3
/lib64/ld-linux-x86-64.so.2, 0x7ffff7ddd000, _dl_add_to_namespace_list, 0x7ffff7de7a60, 171, 6
/nfs/iil/proj/mpg/ghaber1_wa/workdir/bzip/bzip2, 0x400000, BZ2_compressBlock, 0x41216d, 168, 1
/lib64/ld-linux-x86-64.so.2, 0x7ffff7ddd000, _dl_setup_hash, 0x7ffff7de60a0, 167, 7
/lib64/ld-linux-x86-64.so.2, 0x7ffff7ddd000, process_envvars, 0x7ffff7ddeb80, 164, 1
/nfs/iil/proj/mpg/ghaber1_wa/workdir/bzip/bzip2, 0x400000, BZ2_bzCompressInit, 0x40502b, 159, 1
/nfs/iil/proj/mpg/ghaber1_wa/workdir/bzip/bzip2, 0x400000, BZ2_bzWriteClose64, 0x408127, 156, 1
/lib64/libc.so.6, 0x7fffe3cb3000, _IO_setb, 0x7fffe3d2a7b0, 156, 6
/nfs/iil/proj/mpg/ghaber1_wa/workdir/bzip/bzip2, 0x400000, BZ2_bzWrite, 0x407e2e, 152, 2
/nfs/iil/proj/mpg/ghaber1_wa/workdir/bzip/bzip2, 0x400000, compressStream, 0x4016ce, 151, 1
/lib64/libc.so.6, 0x7fffe3cb3000, __cxa_finalize, 0x7fffe3ce8950, 147, 3
/nfs/iil/proj/mpg/ghaber1_wa/workdir/bzip/bzip2, 0x400000, BZ2_bzCompress, 0x405c64, 145, 3
/nfs/iil/proj/mpg/ghaber1_wa/workdir/bzip/bzip2, 0x400000, snocString, 0x403eb0, 138, 5
/lib64/libc.so.6, 0x7fffe3cb3000, _init, 0x7fffe3cd1940, 138, 1
/lib64/libpthread.so.0, 0x7fffe4074000, __libc_sigaction, 0x7fffe4083890, 138, 2
/lib64/ld-linux-x86-64.so.2, 0x7ffff7ddd000, calloc, 0x7ffff7df2460, 135, 15
/lib64/libc.so.6, 0x7fffe3cb3000, _IO_getc, 0x7fffe3d24d70, 134, 3
/lib64/libc.so.6, 0x7fffe3cb3000, __m128i_strloadu, 0x7fffe3dcf4a0, 132, 12
/lib64/libpthread.so.0, 0x7fffe4074000, _pthread_cleanup_push_defer, 0x7fffe4081ed0, 130, 10
/nfs/iil/proj/mpg/ghaber1_wa/workdir/bzip/bzip2, 0x400000, hasSuffix, 0x402a83, 128, 4
/lib64/libc.so.6, 0x7fffe3cb3000, _IO_fread, 0x7fffe3d1cdc0, 128, 2
/lib64/ld-linux-x86-64.so.2, 0x7ffff7ddd000, malloc, 0x7ffff7df23a0, 126, 42
/lib64/ld-linux-x86-64.so.2, 0x7ffff7ddd000, _dl_allocate_tls_init, 0x7ffff7dedc40, 125, 1
/lib64/ld-linux-x86-64.so.2, 0x7ffff7ddd000, _dl_check_all_versions, 0x7ffff7decdf0, 124, 1
/lib64/libc.so.6, 0x7fffe3cb3000, _IO_file_underflow, 0x7fffe3d28000, 123, 3
/lib64/libc.so.6, 0x7fffe3cb3000, __fopen_internal, 0x7fffe3d1c840, 117, 3
/lib64/libc.so.6, 0x7fffe3cb3000, init_cacheinfo, 0x7fffe3d435a0, 115, 1
/lib64/libpthread.so.0, 0x7fffe4074000, _pthread_cleanup_pop_restore, 0x7fffe4081f20, 110, 10
/lib64/ld-linux-x86-64.so.2, 0x7ffff7ddd000, _dl_determine_tlsoffset, 0x7ffff7dee5a0, 107, 1
/nfs/iil/proj/mpg/ghaber1_wa/workdir/bzip/bzip2, 0x400000, copyFileName, 0x4027f1, 105, 5
/lib64/libc.so.6, 0x7fffe3cb3000, _IO_file_open, 0x7fffe3d28a30, 105, 3
/lib64/libc.so.6, 0x7fffe3cb3000, ungetc, 0x7fffe3d1f090, 100, 2
/lib64/libc.so.6, 0x7fffe3cb3000, _IO_old_init, 0x7fffe3d29a40, 96, 4
/lib64/ld-linux-x86-64.so.2, 0x7ffff7ddd000, _dl_init_internal, 0x7ffff7deb310, 96, 1
/lib64/libc.so.6, 0x7fffe3cb3000, _IO_cleanup, 0x7fffe3d2a1e0, 95, 1
/lib64/libc.so.6, 0x7fffe3cb3000, fflush, 0x7fffe3d1c220, 92, 2
/lib64/ld-linux-x86-64.so.2, 0x7ffff7ddd000, memmove, 0x7ffff7df3a70, 92, 2
/lib64/ld-linux-x86-64.so.2, 0x7ffff7ddd000, mmap, 0x7ffff7df3260, 90, 15
/lib64/libc.so.6, 0x7fffe3cb3000, __strrchr_sse2, 0x7fffe3d38220, 88, 1
/lib64/ld-linux-x86-64.so.2, 0x7ffff7ddd000, init_tls, 0x7ffff7ddf310, 88, 1
/lib64/libc.so.6, 0x7fffe3cb3000, _IO_fdopen, 0x7fffe3d1bfb0, 87, 1
/lib64/libc.so.6, 0x7fffe3cb3000, __strncmp_sse42, 0x7fffe3dce140, 87, 3
/usr/intel/pkgs/gcc/4.7.2/lib64/libgomp.so.1, 0x7fffe435f000, initialize_env, 0x7fffe4363aad, 87, 1
/lib64/libc.so.6, 0x7fffe3cb3000, _IO_file_doallocate, 0x7fffe3d1bbe0, 86, 2
/lib64/ld-linux-x86-64.so.2, 0x7ffff7ddd000, local_strdup, 0x7ffff7de1f30, 85, 5
/nfs/iil/proj/mpg/ghaber1_wa/workdir/bzip/bzip2, 0x400000, myMalloc, 0x403e4f, 84, 6
/lib64/libc.so.6, 0x7fffe3cb3000, _IO_file_xsgetn_internal, 0x7fffe3d27980, 82, 2
/lib64/libc.so.6, 0x7fffe3cb3000, _IO_file_seekoff, 0x7fffe3d28270, 82, 1
/nfs/iil/proj/mpg/ghaber1_wa/workdir/bzip/bzip2, 0x400000, BZ2_bzWriteOpen, 0x407bfa, 81, 1
/lib64/libc.so.6, 0x7fffe3cb3000, munmap_chunk, 0x7fffe3d2d4b0, 81, 3
/lib64/ld-linux-x86-64.so.2, 0x7ffff7ddd000, cache_rpath, 0x7ffff7de49b0, 81, 8
/lib64/ld-linux-x86-64.so.2, 0x7ffff7ddd000, _dl_protect_relro, 0x7ffff7de7ef0, 80, 4
/lib64/libc.so.6, 0x7fffe3cb3000, __strstr_sse2, 0x7fffe3d41590, 78, 3
/lib64/libc.so.6, 0x7fffe3cb3000, __unregister_atfork, 0x7fffe3da18f0, 75, 3
/lib64/ld-linux-x86-64.so.2, 0x7ffff7ddd000, _dl_debug_initialize, 0x7ffff7debae0, 75, 6
/lib64/ld-linux-x86-64.so.2, 0x7ffff7ddd000, _dl_discover_osversion, 0x7ffff7df0ff0, 72, 1
/nfs/iil/proj/mpg/ghaber1_wa/workdir/bzip/bzip2, 0x400000, bsFinishWrite, 0x40c8ce, 70, 1
/lib64/libc.so.6, 0x7fffe3cb3000, fwrite, 0x7fffe3d1d3d0, 70, 1
/nfs/iil/proj/mpg/ghaber1_wa/workdir/bzip/bzip2, 0x400000, strcmp@plt, 0x4011c0, 69, 67
/nfs/iil/proj/mpg/ghaber1_wa/workdir/bzip/bzip2, 0x400000, BZ2_bzCompressEnd, 0x405e91, 68, 1
/nfs/iil/proj/mpg/ghaber1_wa/workdir/bzip/bzip2, 0x400000, bsPutUInt32, 0x40ca25, 68, 2
/lib64/libpthread.so.0, 0x7fffe4074000, __pthread_mutex_unlock_usercnt, 0x7fffe407ea40, 66, 2
/lib64/libc.so.6, 0x7fffe3cb3000, __register_atfork, 0x7fffe3da1760, 61, 1
/nfs/iil/proj/mpg/ghaber1_wa/workdir/bzip/bzip2, 0x400000, default_bzalloc, 0x404f13, 60, 4
/lib64/libc.so.6, 0x7fffe3cb3000, _IO_switch_to_get_mode, 0x7fffe3d29800, 60, 3
/lib64/libc.so.6, 0x7fffe3cb3000, _dl_vdso_vsym, 0x7fffe3dcca40, 60, 2
/lib64/ld-linux-x86-64.so.2, 0x7ffff7ddd000, __fxstat, 0x7ffff7df2f90, 60, 5
/lib64/libc.so.6, 0x7fffe3cb3000, _IO_file_xsputn, 0x7fffe3d27c70, 58, 1
/lib64/libpthread.so.0, 0x7fffe4074000, __pthread_mutex_lock, 0x7fffe407d470, 58, 2
/lib64/libc.so.6, 0x7fffe3cb3000, _IO_default_finish, 0x7fffe3d2a840, 56, 4
/lib64/libc.so.6, 0x7fffe3cb3000, __libc_start_main, 0x7fffe3cd1b50, 54, 1
/lib64/libc.so.6, 0x7fffe3cb3000, sYSTRIm, 0x7fffe3d2bc90, 54, 2
/nfs/iil/proj/mpg/ghaber1_wa/workdir/bzip/bzip2, 0x400000, .plt, 0x401050, 52, 26
/lib64/libc.so.6, 0x7fffe3cb3000, __run_exit_handlers, 0x7fffe3ce8580, 52, 1
/lib64/libc.so.6, 0x7fffe3cb3000, _IO_file_init, 0x7fffe3d28fc0, 52, 4
/nfs/iil/proj/mpg/ghaber1_wa/workdir/bzip/bzip2, 0x400000, myfeof, 0x40168e, 50, 3
/lib64/libc.so.6, 0x7fffe3cb3000, __uflow, 0x7fffe3d2ace0, 49, 2
/nfs/iil/proj/mpg/ghaber1_wa/workdir/bzip/bzip2, 0x400000, default_bzfree, 0x404f40, 48, 4
/lib64/libc.so.6, 0x7fffe3cb3000, new_do_write, 0x7fffe3d27b30, 45, 1
/lib64/libc.so.6, 0x7fffe3cb3000, sbrk, 0x7fffe3d8c6c0, 45, 2
/lib64/libc.so.6, 0x7fffe3cb3000, _IO_file_overflow, 0x7fffe3d28730, 44, 1
/lib64/ld-linux-x86-64.so.2, 0x7ffff7ddd000, expand_dynamic_string_token, 0x7ffff7de46b0, 44, 2
/lib64/ld-linux-x86-64.so.2, 0x7ffff7ddd000, posix_fadvise64, 0x7ffff7df3240, 44, 4
/lib64/ld-linux-x86-64.so.2, 0x7ffff7ddd000, __libc_memalign@plt, 0x7ffff7dddaa0, 43, 43
/usr/intel/pkgs/gcc/4.7.2/lib64/libgomp.so.1, 0x7fffe435f000, parse_boolean, 0x7fffe43635bb, 42, 3
/lib64/ld-linux-x86-64.so.2, 0x7ffff7ddd000, malloc@plt, 0x7ffff7dddab0, 42, 42
/lib64/ld-linux-x86-64.so.2, 0x7ffff7ddd000, _dl_add_to_slotinfo, 0x7ffff7dedb50, 42, 2
/lib64/ld-linux-x86-64.so.2, 0x7ffff7ddd000, _wordcopy_bwd_aligned, 0x7ffff7df4790, 42, 2
/lib64/ld-linux-x86-64.so.2, 0x7ffff7ddd000, _dl_sysdep_read_whole_file, 0x7ffff7dec480, 41, 1
/nfs/iil/proj/mpg/ghaber1_wa/workdir/bzip/bzip2, 0x400000, fileExists, 0x402875, 40, 2
/lib64/libc.so.6, 0x7fffe3cb3000, __new_exitfn, 0x7fffe3ce8710, 40, 1
/lib64/libc.so.6, 0x7fffe3cb3000, _IO_default_xsputn, 0x7fffe3d2a900, 40, 1
/lib64/ld-linux-x86-64.so.2, 0x7ffff7ddd000, __mprotect, 0x7ffff7df32c0, 40, 8
/nfs/iil/proj/mpg/ghaber1_wa/workdir/bzip/bzip2, 0x400000, mkCell, 0x403e7d, 39, 3
/lib64/libc.so.6, 0x7fffe3cb3000, __init_cpu_features, 0x7fffe3cd1f90, 39, 1
/lib64/libc.so.6, 0x7fffe3cb3000, _IO_file_write, 0x7fffe3d27ed0, 38, 1
/lib64/libc.so.6, 0x7fffe3cb3000, _IO_file_sync, 0x7fffe3d28670, 38, 2
/usr/intel/pkgs/gcc/4.7.2/lib64/libgomp.so.1, 0x7fffe435f000, parse_stacksize, 0x7fffe436316d, 38, 2
/lib64/libc.so.6, 0x7fffe3cb3000, sysconf, 0x7fffe3d63110, 36, 1
/nfs/iil/proj/mpg/ghaber1_wa/workdir/bzip/bzip2, 0x400000, __libc_csu_init, 0x418580, 34, 1
/usr/intel/pkgs/gcc/4.7.2/lib64/libgomp.so.1, 0x7fffe435f000, parse_unsigned_long, 0x7fffe4362d01, 34, 2
/nfs/iil/proj/mpg/ghaber1_wa/workdir/bzip/bzip2, 0x400000, applySavedMetaInfoToOutputFile, 0x4029f0, 33, 1
/lib64/libc.so.6, 0x7fffe3cb3000, _IO_file_attach, 0x7fffe3d271f0, 33, 1
/lib64/libc.so.6, 0x7fffe3cb3000, __fcntl, 0x7fffe3d87010, 33, 1
/lib64/libc.so.6, 0x7fffe3cb3000, _IO_file_finish, 0x7fffe3d29000, 32, 4
/lib64/libc.so.6, 0x7fffe3cb3000, _IO_sputbackc, 0x7fffe3d29c30, 32, 2
/lib64/libc.so.6, 0x7fffe3cb3000, mmap64, 0x7fffe3d91000, 30, 5
/lib64/libc.so.6, 0x7fffe3cb3000, _IO_do_write, 0x7fffe3d27ea0, 28, 3
/lib64/ld-linux-x86-64.so.2, 0x7ffff7ddd000, _dl_initial_error_catch_tsd, 0x7ffff7dddb50, 28, 14
/lib64/ld-linux-x86-64.so.2, 0x7ffff7ddd000, _dl_receive_error, 0x7ffff7deae10, 28, 1
/nfs/iil/proj/mpg/ghaber1_wa/workdir/bzip/bzip2, 0x400000, addFlagsFromEnvVar, 0x403f51, 26, 2
/lib64/libc.so.6, 0x7fffe3cb3000, _IO_doallocbuf, 0x7fffe3d298b0, 26, 2
/nfs/iil/proj/mpg/ghaber1_wa/workdir/bzip/bzip2, 0x400000, fopen_output_safely, 0x4028ba, 25, 1
/lib64/libc.so.6, 0x7fffe3cb3000, __internal_atexit, 0x7fffe3ce8890, 25, 1
/lib64/libc.so.6, 0x7fffe3cb3000, _IO_unsave_markers, 0x7fffe3d2a620, 25, 5
/lib64/libc.so.6, 0x7fffe3cb3000, __underflow, 0x7fffe3d2adb0, 25, 1
/lib64/libc.so.6, 0x7fffe3cb3000, munmap, 0x7fffe3d91030, 25, 5
/lib64/ld-linux-x86-64.so.2, 0x7ffff7ddd000, security_init, 0x7ffff7ddf480, 25, 1
/lib64/ld-linux-x86-64.so.2, 0x7ffff7ddd000, __close, 0x7ffff7df3010, 25, 5
/lib64/libc.so.6, 0x7fffe3cb3000, _IO_default_uflow, 0x7fffe3d29910, 24, 2
/lib64/libc.so.6, 0x7fffe3cb3000, __xstat64, 0x7fffe3d85b00, 24, 2
/lib64/libc.so.6, 0x7fffe3cb3000, __fxstat64, 0x7fffe3d85b70, 24, 2
/lib64/libc.so.6, 0x7fffe3cb3000, brk, 0x7fffe3d8c650, 24, 2
/lib64/libc.so.6, 0x7fffe3cb3000, __init_misc, 0x7fffe3d942b0, 24, 1
/lib64/librt.so.1, 0x7fffe3a67000, __do_global_dtors_aux, 0x7fffe3a69360, 23, 1
/lib64/libpthread.so.0, 0x7fffe4074000, __do_global_dtors_aux, 0x7fffe4079440, 23, 1
/lib64/libpthread.so.0, 0x7fffe4074000, __pthread_key_create, 0x7fffe4080670, 21, 1
/nfs/iil/proj/mpg/ghaber1_wa/workdir/bzip/bzip2, 0x400000, strlen@plt, 0x401150, 20, 18
/nfs/iil/proj/mpg/ghaber1_wa/workdir/bzip/bzip2, 0x400000, isempty_RL, 0x404ffc, 20, 2
/lib64/libc.so.6, 0x7fffe3cb3000, __sigaction, 0x7fffe3ce5b10, 20, 5
/lib64/libc.so.6, 0x7fffe3cb3000, __close_nocancel, 0x7fffe3d86919, 20, 4
/lib64/libpthread.so.0, 0x7fffe4074000, pthread_getaffinity_np, 0x7fffe4083b30, 20, 1
/usr/intel/pkgs/gcc/4.7.2/lib64/libgomp.so.1, 0x7fffe435f000, initialize_team, 0x7fffe4369969, 20, 1
/lib64/ld-linux-x86-64.so.2, 0x7ffff7ddd000, __read, 0x7ffff7df3040, 20, 4
/usr/intel/pkgs/gcc/4.7.2/lib64/libgomp.so.1, 0x7fffe435f000, gomp_init_num_threads, 0x7fffe436a9f3, 19, 1
/lib64/ld-linux-x86-64.so.2, 0x7ffff7ddd000, .text, 0x7ffff7dddb00, 19, 1
/nfs/iil/proj/mpg/ghaber1_wa/workdir/bzip/bzip2, 0x400000, init_RL, 0x404fdc, 18, 2
/lib64/libc.so.6, 0x7fffe3cb3000, __sigsetjmp, 0x7fffe3ce55e0, 18, 1
/lib64/libc.so.6, 0x7fffe3cb3000, _IO_file_read, 0x7fffe3d27fd0, 18, 3
/lib64/libc.so.6, 0x7fffe3cb3000, getpagesize, 0x7fffe3d8d530, 18, 3
/usr/intel/pkgs/gcc/4.7.2/lib64/libgomp.so.1, 0x7fffe435f000, .plt, 0x7fffe4362450, 18, 9
/usr/intel/pkgs/gcc/4.7.2/lib64/libgomp.so.1, 0x7fffe435f000, parse_unsigned_long_list, 0x7fffe4362e2d, 18, 1
/lib64/ld-linux-x86-64.so.2, 0x7ffff7ddd000, _dl_next_tls_modid, 0x7ffff7deda60, 18, 2
/lib64/libpthread.so.0, 0x7fffe4074000, pthread_attr_init, 0x7fffe407c610, 17, 1
/lib64/ld-linux-x86-64.so.2, 0x7ffff7ddd000, __sbrk, 0x7ffff7df24f0, 17, 1
/nfs/iil/proj/mpg/ghaber1_wa/workdir/bzip/bzip2, 0x400000, flush_RL, 0x405628, 16, 1
/lib64/libc.so.6, 0x7fffe3cb3000, __memset_sse2, 0x7fffe3d38ff0, 16, 1
/lib64/libpthread.so.0, 0x7fffe4074000, .plt, 0x7fffe4078ff0, 16, 8
/usr/intel/pkgs/gcc/4.7.2/lib64/libgomp.so.1, 0x7fffe435f000, parse_spincount, 0x7fffe4363367, 16, 1
/nfs/iil/proj/mpg/ghaber1_wa/workdir/bzip/bzip2, 0x400000, ferror@plt, 0x4010f0, 15, 13
/lib64/libc.so.6, 0x7fffe3cb3000, __open_nocancel, 0x7fffe3d86589, 15, 3
/lib64/libc.so.6, 0x7fffe3cb3000, __read_nocancel, 0x7fffe3d86979, 15, 3
/lib64/libpthread.so.0, 0x7fffe4074000, pthread_key_delete, 0x7fffe40806e0, 15, 1
/usr/intel/pkgs/gcc/4.7.2/lib64/libgomp.so.1, 0x7fffe435f000, parse_affinity, 0x7fffe43637dc, 15, 1
/lib64/ld-linux-x86-64.so.2, 0x7ffff7ddd000, calloc@plt, 0x7ffff7dddad0, 15, 15
/lib64/libc.so.6, 0x7fffe3cb3000, __default_morecore, 0x7fffe3d33240, 14, 2
/lib64/libc.so.6, 0x7fffe3cb3000, do_fcntl, 0x7fffe3d86eb0, 14, 1
/usr/intel/pkgs/gcc/4.7.2/lib64/libgomp.so.1, 0x7fffe435f000, getenv@plt, 0x7fffe4362460, 14, 12
/usr/intel/pkgs/gcc/4.7.2/lib64/libgomp.so.1, 0x7fffe435f000, register_tm_clones, 0x7fffe4362730, 14, 1
/nfs/iil/proj/mpg/ghaber1_wa/workdir/bzip/bzip2, 0x400000, free@plt, 0x401080, 13, 11
/nfs/iil/proj/mpg/ghaber1_wa/workdir/bzip/bzip2, 0x400000, malloc@plt, 0x401220, 13, 11
/nfs/iil/proj/mpg/ghaber1_wa/workdir/bzip/bzip2, 0x400000, register_tm_clones, 0x401390, 13, 1
/nfs/iil/proj/mpg/ghaber1_wa/workdir/bzip/bzip2, 0x400000, saveInputFileMetaInfo, 0x4029c3, 13, 1
/lib64/libc.so.6, 0x7fffe3cb3000, __libc_global_ctors, 0x7fffe3cd18c0, 13, 1
/usr/intel/pkgs/gcc/4.7.2/lib64/libgomp.so.1, 0x7fffe435f000, parse_wait_policy, 0x7fffe43636c8, 13, 1
/lib64/libc.so.6, 0x7fffe3cb3000, __fopen_maybe_mmap, 0x7fffe3d1c800, 12, 3
/usr/intel/pkgs/gcc/4.7.2/lib64/libgomp.so.1, 0x7fffe435f000, __do_global_dtors_aux, 0x7fffe4362770, 12, 1
/lib64/ld-linux-x86-64.so.2, 0x7ffff7ddd000, rtld_lock_default_lock_recursive, 0x7ffff7dddb60, 12, 6
/lib64/ld-linux-x86-64.so.2, 0x7ffff7ddd000, rtld_lock_default_unlock_recursive, 0x7ffff7dddb70, 12, 6
/nfs/iil/proj/mpg/ghaber1_wa/workdir/bzip/bzip2, 0x400000, _start, 0x401310, 11, 1
/lib64/librt.so.1, 0x7fffe3a67000, __do_global_ctors_aux, 0x7fffe3a6ce60, 11, 1
/lib64/libpthread.so.0, 0x7fffe4074000, __do_global_ctors_aux, 0x7fffe40854c0, 11, 1
/usr/intel/pkgs/gcc/4.7.2/lib64/libgomp.so.1, 0x7fffe435f000, gomp_cpuset_popcount, 0x7fffe436a9d2, 11, 1
/lib64/ld-linux-x86-64.so.2, 0x7ffff7ddd000, brk, 0x7ffff7df24a0, 11, 1
/lib64/ld-linux-x86-64.so.2, 0x7ffff7ddd000, access, 0x7ffff7df30a0, 11, 1
/lib64/libc.so.6, 0x7fffe3cb3000, _IO_file_stat, 0x7fffe3d27fb0, 10, 2
/lib64/libc.so.6, 0x7fffe3cb3000, critical_factorization, 0x7fffe3d40fa0, 10, 0
/usr/intel/pkgs/gcc/4.7.2/lib64/libgomp.so.1, 0x7fffe435f000, parse_schedule, 0x7fffe4362a74, 10, 1
/lib64/ld-linux-x86-64.so.2, 0x7ffff7ddd000, version_check_doit, 0x7ffff7de1d40, 10, 1
/lib64/ld-linux-x86-64.so.2, 0x7ffff7ddd000, _dl_unload_cache, 0x7ffff7de5a10, 10, 1
/lib64/ld-linux-x86-64.so.2, 0x7ffff7ddd000, free, 0x7ffff7df2240, 10, 2
/nfs/iil/proj/mpg/ghaber1_wa/workdir/bzip/bzip2, 0x400000, BZ2_bsInitWrite, 0x40c8a8, 9, 1
/lib64/libc.so.6, 0x7fffe3cb3000, __sigjmp_save, 0x7fffe3ce5640, 9, 1
/lib64/libc.so.6, 0x7fffe3cb3000, _Exit, 0x7fffe3d616b0, 9, 1
/lib64/libc.so.6, 0x7fffe3cb3000, __linkin_atfork, 0x7fffe3da1730, 9, 1
/usr/intel/pkgs/gcc/4.7.2/lib64/libgomp.so.1, 0x7fffe435f000, deregister_tm_clones, 0x7fffe4362700, 9, 1
/usr/intel/pkgs/gcc/4.7.2/lib64/libgomp.so.1, 0x7fffe435f000, gomp_sem_init, 0x7fffe436897c, 9, 1
/nfs/iil/proj/mpg/ghaber1_wa/workdir/bzip/bzip2, 0x400000, strstr@plt, 0x4012f0, 8, 6
/nfs/iil/proj/mpg/ghaber1_wa/workdir/bzip/bzip2, 0x400000, deregister_tm_clones, 0x401360, 8, 1
/nfs/iil/proj/mpg/ghaber1_wa/workdir/bzip/bzip2, 0x400000, __do_global_dtors_aux, 0x4013d0, 8, 1
/nfs/iil/proj/mpg/ghaber1_wa/workdir/bzip/bzip2, 0x400000, stat, 0x418610, 8, 2
/lib64/librt.so.1, 0x7fffe3a67000, _fini, 0x7fffe3a6cf04, 8, 1
/lib64/libc.so.6, 0x7fffe3cb3000, remove, 0x7fffe3d198b0, 8, 1
/lib64/libc.so.6, 0x7fffe3cb3000, _IO_file_close, 0x7fffe3d27f70, 8, 4
/lib64/libc.so.6, 0x7fffe3cb3000, malloc_hook_ini, 0x7fffe3d31550, 8, 1
/usr/intel/pkgs/gcc/4.7.2/lib64/libgomp.so.1, 0x7fffe435f000, team_destructor, 0x7fffe43699ca, 8, 1
/nfs/iil/proj/mpg/ghaber1_wa/workdir/bzip/bzip2, 0x400000, strncpy@plt, 0x4010a0, 7, 5
/nfs/iil/proj/mpg/ghaber1_wa/workdir/bzip/bzip2, 0x400000, signal@plt, 0x4011d0, 7, 5
/nfs/iil/proj/mpg/ghaber1_wa/workdir/bzip/bzip2, 0x400000, _fini, 0x418630, 7, 1
/lib64/libc.so.6, 0x7fffe3cb3000, strcoll, 0x7fffe3d36110, 7, 0
/lib64/libc.so.6, 0x7fffe3cb3000, __strerror_r, 0x7fffe3d365d0, 7, 0
/lib64/libc.so.6, 0x7fffe3cb3000, __strncmp_sse2, 0x7fffe3d36970, 7, 0
/lib64/libc.so.6, 0x7fffe3cb3000, __memmove_sse2, 0x7fffe3d38e20, 7, 0
/usr/intel/pkgs/gcc/4.7.2/lib64/libgomp.so.1, 0x7fffe435f000, _fini, 0x7fffe436c100, 7, 1
/nfs/iil/proj/mpg/ghaber1_wa/workdir/bzip/bzip2, 0x400000, fclose@plt, 0x401120, 6, 4
/nfs/iil/proj/mpg/ghaber1_wa/workdir/bzip/bzip2, 0x400000, call_gmon_start, 0x40133c, 6, 1
/nfs/iil/proj/mpg/ghaber1_wa/workdir/bzip/bzip2, 0x400000, containsDubiousChars, 0x402a74, 6, 1
/lib64/librt.so.1, 0x7fffe3a67000, _init, 0x7fffe3a68f40, 6, 1
/lib64/librt.so.1, 0x7fffe3a67000, call_gmon_start, 0x7fffe3a69340, 6, 1
/lib64/librt.so.1, 0x7fffe3a67000, frame_dummy, 0x7fffe3a693e0, 6, 1
/lib64/libc.so.6, 0x7fffe3cb3000, malloc@plt, 0x7fffe3cd1850, 6, 4
/lib64/libc.so.6, 0x7fffe3cb3000, free@plt, 0x7fffe3cd18a0, 6, 4
/lib64/libc.so.6, 0x7fffe3cb3000, __libc_fini, 0x7fffe3cd18f0, 6, 1
/lib64/libc.so.6, 0x7fffe3cb3000, fopen64, 0x7fffe3d1c920, 6, 3
/lib64/libc.so.6, 0x7fffe3cb3000, _IO_sgetn, 0x7fffe3d29940, 6, 2
/lib64/libc.so.6, 0x7fffe3cb3000, __GI_strchr, 0x7fffe3d34c10, 6, 0
/lib64/libc.so.6, 0x7fffe3cb3000, strncat, 0x7fffe3d36880, 6, 0
/lib64/libc.so.6, 0x7fffe3cb3000, __open64, 0x7fffe3d86580, 6, 3
/lib64/libc.so.6, 0x7fffe3cb3000, read, 0x7fffe3d86970, 6, 3
/lib64/libpthread.so.0, 0x7fffe4074000, _init, 0x7fffe4078fd0, 6, 1
/lib64/libpthread.so.0, 0x7fffe4074000, frame_dummy, 0x7fffe40794c0, 6, 1
/usr/intel/pkgs/gcc/4.7.2/lib64/libgomp.so.1, 0x7fffe435f000, call_gmon_start, 0x7fffe43626e0, 6, 1
/nfs/iil/proj/mpg/ghaber1_wa/workdir/bzip/bzip2, 0x400000, strncmp@plt, 0x4010c0, 5, 3
/nfs/iil/proj/mpg/ghaber1_wa/workdir/bzip/bzip2, 0x400000, strcpy@plt, 0x4010d0, 5, 3
/nfs/iil/proj/mpg/ghaber1_wa/workdir/bzip/bzip2, 0x400000, fgetc@plt, 0x401180, 5, 3
/nfs/iil/proj/mpg/ghaber1_wa/workdir/bzip/bzip2, 0x400000, fopen@plt, 0x401290, 5, 3
/nfs/iil/proj/mpg/ghaber1_wa/workdir/bzip/bzip2, 0x400000, bz_config_ok, 0x404f08, 5, 1
/lib64/libc.so.6, 0x7fffe3cb3000, utime, 0x7fffe3d85a70, 5, 1
/lib64/libc.so.6, 0x7fffe3cb3000, chmod, 0x7fffe3d861d0, 5, 1
/lib64/libc.so.6, 0x7fffe3cb3000, __write_nocancel, 0x7fffe3d869d9, 5, 1
/lib64/libc.so.6, 0x7fffe3cb3000, chown, 0x7fffe3d87670, 5, 1
/lib64/libc.so.6, 0x7fffe3cb3000, unlink, 0x7fffe3d884b0, 5, 1
/lib64/libc.so.6, 0x7fffe3cb3000, getrlimit64, 0x7fffe3d8c160, 5, 1
/lib64/libc.so.6, 0x7fffe3cb3000, __lseek_nocancel, 0x7fffe3d94489, 5, 1
/lib64/libpthread.so.0, 0x7fffe4074000, pthread_attr_setdetachstate, 0x7fffe407c660, 5, 1
/lib64/libpthread.so.0, 0x7fffe4074000, __open_nocancel, 0x7fffe40830a9, 5, 1
/lib64/ld-linux-x86-64.so.2, 0x7ffff7ddd000, _dl_get_tls_static_info, 0x7ffff7ded9c0, 5, 1
/lib64/ld-linux-x86-64.so.2, 0x7ffff7ddd000, __munmap, 0x7ffff7df3290, 5, 1
/nfs/iil/proj/mpg/ghaber1_wa/workdir/bzip/bzip2, 0x400000, _init, 0x401038, 4, 1
/nfs/iil/proj/mpg/ghaber1_wa/workdir/bzip/bzip2, 0x400000, getenv@plt, 0x401060, 4, 2
/nfs/iil/proj/mpg/ghaber1_wa/workdir/bzip/bzip2, 0x400000, fread@plt, 0x401110, 4, 2
/nfs/iil/proj/mpg/ghaber1_wa/workdir/bzip/bzip2, 0x400000, __xstat@plt, 0x401210, 4, 2
/nfs/iil/proj/mpg/ghaber1_wa/workdir/bzip/bzip2, 0x400000, fflush@plt, 0x401230, 4, 2
/nfs/iil/proj/mpg/ghaber1_wa/workdir/bzip/bzip2, 0x400000, ungetc@plt, 0x401240, 4, 2
/lib64/libc.so.6, 0x7fffe3cb3000, .plt, 0x7fffe3cd1830, 4, 2
/lib64/libc.so.6, 0x7fffe3cb3000, exit, 0x7fffe3ce8690, 4, 1
/lib64/libpthread.so.0, 0x7fffe4074000, pthread_mutex_unlock, 0x7fffe407eb10, 4, 2
/lib64/libpthread.so.0, 0x7fffe4074000, _fini, 0x7fffe4085550, 4, 1
/usr/intel/pkgs/gcc/4.7.2/lib64/libgomp.so.1, 0x7fffe435f000, _init, 0x7fffe4362438, 4, 1
/usr/intel/pkgs/gcc/4.7.2/lib64/libgomp.so.1, 0x7fffe435f000, omp_check_defines, 0x7fffe4362a6e, 4, 1
/nfs/iil/proj/mpg/ghaber1_wa/workdir/bzip/bzip2, 0x400000, utime@plt, 0x401070, 3, 1
/nfs/iil/proj/mpg/ghaber1_wa/workdir/bzip/bzip2, 0x400000, remove@plt, 0x4010b0, 3, 1
/nfs/iil/proj/mpg/ghaber1_wa/workdir/bzip/bzip2, 0x400000, __libc_start_main@plt, 0x4011b0, 3, 1
/nfs/iil/proj/mpg/ghaber1_wa/workdir/bzip/bzip2, 0x400000, chown@plt, 0x401250, 3, 1
/nfs/iil/proj/mpg/ghaber1_wa/workdir/bzip/bzip2, 0x400000, fdopen@plt, 0x401260, 3, 1
/nfs/iil/proj/mpg/ghaber1_wa/workdir/bzip/bzip2, 0x400000, chmod@plt, 0x401270, 3, 1
/nfs/iil/proj/mpg/ghaber1_wa/workdir/bzip/bzip2, 0x400000, open@plt, 0x401280, 3, 1
/nfs/iil/proj/mpg/ghaber1_wa/workdir/bzip/bzip2, 0x400000, fwrite@plt, 0x4012d0, 3, 1
/nfs/iil/proj/mpg/ghaber1_wa/workdir/bzip/bzip2, 0x400000, frame_dummy, 0x4013f0, 3, 1
/lib64/librt.so.1, 0x7fffe3a67000, __cxa_finalize@plt, 0x7fffe3a69310, 3, 1
/lib64/libc.so.6, 0x7fffe3cb3000, __libc_dl_error_tsd, 0x7fffe3dcca20, 3, 1
/lib64/libpthread.so.0, 0x7fffe4074000, __sysconf@plt, 0x7fffe40790c0, 3, 1
/lib64/libpthread.so.0, 0x7fffe4074000, memset@plt, 0x7fffe4079120, 3, 1
/lib64/libpthread.so.0, 0x7fffe4074000, __getpagesize@plt, 0x7fffe4079260, 3, 1
/lib64/libpthread.so.0, 0x7fffe4074000, __libc_pthread_init@plt, 0x7fffe40792a0, 3, 1
/lib64/libpthread.so.0, 0x7fffe4074000, __libc_dl_error_tsd@plt, 0x7fffe4079340, 3, 1
/lib64/libpthread.so.0, 0x7fffe4074000, _dl_get_tls_static_info@plt, 0x7fffe40793a0, 3, 1
/lib64/libpthread.so.0, 0x7fffe4074000, getrlimit@plt, 0x7fffe40793e0, 3, 1
/lib64/libpthread.so.0, 0x7fffe4074000, __cxa_finalize@plt, 0x7fffe4079420, 3, 1
/usr/intel/pkgs/gcc/4.7.2/lib64/libgomp.so.1, 0x7fffe435f000, __sched_cpucount@plt, 0x7fffe43624c0, 3, 1
/usr/intel/pkgs/gcc/4.7.2/lib64/libgomp.so.1, 0x7fffe435f000, pthread_attr_init@plt, 0x7fffe4362520, 3, 1
/usr/intel/pkgs/gcc/4.7.2/lib64/libgomp.so.1, 0x7fffe435f000, pthread_attr_setdetachstate@plt, 0x7fffe4362580, 3, 1
/usr/intel/pkgs/gcc/4.7.2/lib64/libgomp.so.1, 0x7fffe435f000, pthread_getaffinity_np@plt, 0x7fffe43625a0, 3, 1
/usr/intel/pkgs/gcc/4.7.2/lib64/libgomp.so.1, 0x7fffe435f000, pthread_key_create@plt, 0x7fffe4362610, 3, 1
/usr/intel/pkgs/gcc/4.7.2/lib64/libgomp.so.1, 0x7fffe435f000, pthread_self@plt, 0x7fffe4362620, 3, 1
/usr/intel/pkgs/gcc/4.7.2/lib64/libgomp.so.1, 0x7fffe435f000, pthread_key_delete@plt, 0x7fffe4362670, 3, 1
/usr/intel/pkgs/gcc/4.7.2/lib64/libgomp.so.1, 0x7fffe435f000, __cxa_finalize@plt, 0x7fffe43626c0, 3, 1
/usr/intel/pkgs/gcc/4.7.2/lib64/libgomp.so.1, 0x7fffe435f000, frame_dummy, 0x7fffe43627b0, 3, 1
/lib64/librt.so.1, 0x7fffe3a67000, .plt, 0x7fffe3a68f60, 2, 1
/lib64/libc.so.6, 0x7fffe3cb3000, _setjmp, 0x7fffe3ce5690, 2, 1
/lib64/libc.so.6, 0x7fffe3cb3000, __cxa_atexit, 0x7fffe3ce8900, 2, 1
/lib64/libc.so.6, 0x7fffe3cb3000, _IO_file_seek, 0x7fffe3d27450, 2, 1
/lib64/libc.so.6, 0x7fffe3cb3000, _IO_flush_all, 0x7fffe3d29fa0, 2, 1
/lib64/libc.so.6, 0x7fffe3cb3000, write, 0x7fffe3d869d0, 2, 1
/lib64/libc.so.6, 0x7fffe3cb3000, lseek, 0x7fffe3d94480, 2, 1
/lib64/libpthread.so.0, 0x7fffe4074000, pthread_self, 0x7fffe407c280, 2, 1
/lib64/libpthread.so.0, 0x7fffe4074000, open, 0x7fffe40830a0, 2, 1
/lib64/ld-linux-x86-64.so.2, 0x7ffff7ddd000, free@plt, 0x7ffff7dddaf0, 2, 2
/lib64/ld-linux-x86-64.so.2, 0x7ffff7ddd000, _dl_debug_state, 0x7ffff7debb70, 2, 2
/lib64/ld-linux-x86-64.so.2, 0x7ffff7ddd000, _dl_sysdep_start_cleanup, 0x7ffff7df0fe0, 1, 1
